year,type,element_no,element,element_display,MentionedPosts,examples_json,type_old
2022,게임/IP,1,로스트아크|로아,로스트아크,4,"[{""context"": ""오전에 <[[로스트아크]]> 금강선 디렉터가 다녀가셨는데, 여기에서 그 분은 금 비버인 거죠. (웃음)"", ""title"": ""<가짜 하트> Hello World, Beaver World! 2022 버닝비버 후기"", ""link"": ""https://blog.naver.com/blanbee/222963977031""}, {""context"": ""그리고 뒤이어 [[로스트아크]]의 전 디렉터이신 금강선 디렉터님도 오셨습니다!"", ""title"": ""더겜소년의 버닝비버 후기 1일차"", ""link"": ""https://blog.naver.com/dlckdals5050/222962839195""}, {""context"": ""지금은 [[로아]]구동기라고 불리는 스토브 클라이언트인데 차후 스토브 플랫폼 자체로 인정받는 날이 왔으면 좋겠습니다."", ""title"": ""더겜소년의 버닝비버 후기 3일차 完 (+스토브 인디 어워즈)"", ""link"": ""https://blog.naver.com/dlckdals5050/222963211791""}, {""context"": ""입장 티켓을 구매하면 [[로스트아크]] 쿠폰을 주고, 경품 중에는 로스트아크 굿즈도 있어서 로아 유저들도 많이 찾아왔고요."", ""title"": ""인디게임 행사 GOAT, 버닝비버 후기"", ""link"": ""https://blog.naver.com/neopgame/223735112498""}]",게임/IP
2022,장소/공간,2,가로수길,가로수길,3,"[{""context"": ""[[가로수길]]을 가득 채운 너드들의 가장 뜨거웠던 연말의 행사, 시작합니다! 🔥"", ""title"": ""<가짜 하트> Hello World, Beaver World! 2022 버닝비버 후기"", ""link"": ""https://blog.naver.com/blanbee/222963977031""}, {""context"": ""스마일게이트희망스튜디오 퓨처랩 서울특별시 강남구 도산대로15길 35 [[가로수길]] 버닝비버 페스티벌 ​ 🔽 버닝비버 2022 인디게임 & 컬쳐 페스티벌 정보 🔽 ​ 일정 : 2022.12.16(금) ~ 2022.12.18(일) 장소 : 신사동 545-14 가로수길 관람시간 : 10:00 ~ 18:00 관람료 : 얼리버드 9,000원, 사전예매 12,000원 현장예매 15,000원 ​ ​ 위치는 신사역 8번 출구 기준으로 가로수길 안으로 들어와 2~3분 정도 직진하다가 우측에 보면 건물이 보인다 ​ 네이버에 검색해보니 죄다 가로수길이라고 적혀있어 찾아오기 힘들었는데..."", ""title"": ""버닝비버 2022 인디게임 페스티벌! 골든티켓 당첨 & 관람 후기"", ""link"": ""https://blog.naver.com/kastia0075/222958494030""}, {""context"": ""다만 글을 쓰기위해 자료를 다시 찾아보는데 네이버 검색결과로 위치를 알수없어서 힘들었다 인스타계정에 들어가서도 계정정보에 정확한 위치가 아닌 [[가로수길]]이라고만 적혀있다 ​ 내부는 올라가는길과 내려가는길을 따로 운영 중이었고, ​ 거의 나그네들의 쉼터로 이용되고 있던 지하 1층의 버닝비버 굿즈샵 은 비버모자(귀여움), 후드티, 휴대폰 악세서리 등을 판매하고있었다 ​ 부스별로 1~3대의 게임이 가능한 pc와 패드를 배치해두었고, 개별굿즈가 있는곳도 꽤 많았다 1층부터 지하 3층까지 그득그득했고 지하 1층과 2층에 추첨이벤트가 한개씩 있다"", ""title"": ""[ 버닝비버 2022] 스마일게이트 인디게임 페스티벌 후기"", ""link"": ""https://blog.naver.com/slow-log/222958992710""}]",공간/배치
2022,굿즈/리워드,3,굿즈샵|굿즈 샵|굿즈스토어|굿즈 스토어,굿즈샵,4,"[{""context"": ""모든 비버가 열심히 인사해준다 귀여운 비버 모자가 있는 [[굿즈샵]] 그리고 중간중간 진짜비버(?) 도 돌아다녀서 사진도 찍어준다."", ""title"": ""버닝비버 부스 운영 후기"", ""link"": ""https://blog.naver.com/chunsh10/222960282554""}, {""context"": ""\""버닝비버 2022\"" 는 자력으로 댐을 만드는 비버 같은 열정을 가진 개발자 들을 만나는 곳으로 1층부터 지하 2층까지 총 80여개 부스 외에 박람회 내 컨텐츠로 버닝비버 [[굿즈샵]], 비버뽑기, 비버네컷 등이 준비되어 있다 ​ 방문하기 전만 해도 지스타, 플포랑 비교하면 정말 빈약할거라 생각했는데... ​ 막상 와보니 인디게임에 관심있다면 오히려 버닝비버가 훨씬 낫지 않나 ? 라는 생각이 들 정도로 잘되어 있었다!"", ""title"": ""버닝비버 2022 인디게임 페스티벌! 골든티켓 당첨 & 관람 후기"", ""link"": ""https://blog.naver.com/kastia0075/222958494030""}, {""context"": ""그리고 휴식 할 수 있는 공간인 [[굿즈샵]](?)도 존재합니다."", ""title"": ""대한민국 인디게임의 축제 버닝비버 2022 후기"", ""link"": ""https://blog.naver.com/scv9246126/222961335588""}, {""context"": ""다만 글을 쓰기위해 자료를 다시 찾아보는데 네이버 검색결과로 위치를 알수없어서 힘들었다 인스타계정에 들어가서도 계정정보에 정확한 위치가 아닌 가로수길이라고만 적혀있다 ​ 내부는 올라가는길과 내려가는길을 따로 운영 중이었고, ​ 거의 나그네들의 쉼터로 이용되고 있던 지하 1층의 버닝비버 [[굿즈샵]] 은 비버모자(귀여움), 후드티, 휴대폰 악세서리 등을 판매하고있었다 ​ 부스별로 1~3대의 게임이 가능한 pc와 패드를 배치해두었고, 개별굿즈가 있는곳도 꽤 많았다 1층부터 지하 3층까지 그득그득했고 지하 1층과 2층에 추첨이벤트가 한개씩 있다"", ""title"": ""[ 버닝비버 2022] 스마일게이트 인디게임 페스티벌 후기"", ""link"": ""https://blog.naver.com/slow-log/222958992710""}]",굿즈/리워드
2022,굿즈/리워드,4,토큰,토큰,4,"[{""context"": ""[[토큰]] 교환처에서는 음료수도 무료로 제공해줘서 따로 사서 마실일도 없다."", ""title"": ""버닝비버 부스 운영 후기"", ""link"": ""https://blog.naver.com/chunsh10/222960282554""}, {""context"": ""◈ 기대 이상으로 알찼던 인디 게임 행사 GOAT 게임 체험을 하며 모은 [[토큰]]으로 경품 뽑기를 하는 모습 소소한 굿즈와 쿠폰까지 든든하게 확실히 든든한 스폰서가 있으니까 다르다는 걸 느낄 수 있었던 행사였습니다."", ""title"": ""인디게임 행사 GOAT, 버닝비버 후기"", ""link"": ""https://blog.naver.com/neopgame/223735112498""}, {""context"": ""그리고 [[토큰]]도 어디에 사용 할 수 있는지 알려줍니다."", ""title"": ""대한민국 인디게임의 축제 버닝비버 2022 후기"", ""link"": ""https://blog.naver.com/scv9246126/222961335588""}, {""context"": ""버닝비버 [[토큰]] 사용처 출처 : 공식홈 입장후 매표를 확인하면 주는것들과 토큰 이용법 #버닝비버네컷사진 촬영할때 사용하는 코인 지하 3층 에 사진기가 있고, 이용을 도와주는 스탭이 한분 계신다 사실 여권을 열어볼 생각은 안했던것같다 게임을 해보는것만이 목적이었기때문에 뭐가 많아서 떨어뜨리지 않게만 신경썼고 따로 챙겨주신 코인과 팔찌만 사용했던.."", ""title"": ""[ 버닝비버 2022] 스마일게이트 인디게임 페스티벌 후기"", ""link"": ""https://blog.naver.com/slow-log/222958992710""}]",굿즈/리워드
2022,네트워킹,5,비버들의 밤,비버들의 밤,3,"[{""context"": ""4. 개발자들끼리의 소통 행사가 끝나고 저녁을 제공해 주면서 [[비버들의 밤]]이라는 프로그램으로 개발자들끼리 서로 소통할수 있는 시간을 만들어 주어서 서로 노하우나 고민을 주고 받을수 있었다."", ""title"": ""버닝비버 부스 운영 후기"", ""link"": ""https://blog.naver.com/chunsh10/222960282554""}, {""context"": ""[[비버들의 밤]] 행사가 마무리되고, 개발자들과 대화의 장이 열리는 비버들의 밤이 시작되었습니다."", ""title"": ""더겜소년의 버닝비버 후기 1일차"", ""link"": ""https://blog.naver.com/dlckdals5050/222962839195""}, {""context"": ""어제 [[비버들의 밤]]에서 대화를 나눴지만 게임에 대해서 이야기를 하지 않아서 특정 패턴에서 공격하면 그로기 상태가 되는 상호작용 패턴에 대한 피드백을 드렸습니다."", ""title"": ""더겜소년의 버닝비버 후기 2일차"", ""link"": ""https://blog.naver.com/dlckdals5050/222963092118""}]",네트워킹
2022,이벤트,6,비버 피쳐드|비버피처드|Beaver Featured,비버 피쳐드,2,"[{""context"": ""[[비버 피쳐드]] 및 폐회식 이제 어느덧 버닝비버가 마무리가 되어갑니다."", ""title"": ""더겜소년의 버닝비버 후기 3일차 完 (+스토브 인디 어워즈)"", ""link"": ""https://blog.naver.com/dlckdals5050/222963211791""}, {""context"": ""2022 [[비버피처드]] 오후 5시부터 진행한 2022 비버피처드 , 주요 게임 개발자 및 관계자, 방문객들이 우수한 퀄리티와 참신함을 보여준 인디게임에 한해 상을 주는 행사입니다."", ""title"": ""[ 버닝비버 ] 인디게임 페스티벌, 버닝비버 2022 오프라인 후기 !!"", ""link"": ""https://blog.naver.com/ksuj60/222961766490""}]",시상/행사
2022,연사/인플루언서,7,김나성,김나성,1,"[{""context"": ""방구석에 인어아가씨 등으로 유명한 작가 지나가던 개님과 일러스트레이터 슈니아님, 스트리머 [[김나성]]님의 사인회도 좋았습니다."", ""title"": ""인디게임 행사 GOAT, 버닝비버 후기"", ""link"": ""https://blog.naver.com/neopgame/223735112498""}]",연사/인플루언서
2022,연사/인플루언서,8,김성회,김성회,1,"[{""context"": ""부스를 비롯해서 총 4개의 층 으로 구성, 굿즈 판매존 과 이벤트존 , G식백과의 [[김성회]] 대표님의 발표와 스트리머 김나"", ""title"": ""[ 버닝비버 ] 인디게임 페스티벌, 버닝비버 2022 오프라인 후기 !!"", ""link"": ""https://blog.naver.com/ksuj60/222961766490""}]",연사/인플루언서
2022,운영인력,9,스태프|직원|알바,스태프,6,"[{""context"": ""안에 있는 모든 [[스태프]]들이 모두 비버 옷을 입고 있어서 비버 마을에 온것 같은?"", ""title"": ""버닝비버 부스 운영 후기"", ""link"": ""https://blog.naver.com/chunsh10/222960282554""}, {""context"": ""(그래서 [[스태프]]분들이 지키고 계셨구나...)"", ""title"": ""더겜소년의 버닝비버 후기 1일차"", ""link"": ""https://blog.naver.com/dlckdals5050/222962839195""}, {""context"": ""스마일게이트 CCL(Creative Challengers League)은 스마일게이트 내부에서 임[[직원]] 분들이 만들고자하는 게임을 만드는 프로그램으로 알고 있습니다."", ""title"": ""더겜소년의 버닝비버 후기 2일차"", ""link"": ""https://blog.naver.com/dlckdals5050/222963092118""}, {""context"": ""그리고 이 행사를 도와주는 많은 [[스태프]] 분들이 계셨지만 대표로 피치님과 포포님이 나오셔서 마무리 인사를 해주셨습니다!!"", ""title"": ""더겜소년의 버닝비버 후기 3일차 完 (+스토브 인디 어워즈)"", ""link"": ""https://blog.naver.com/dlckdals5050/222963211791""}, {""context"": ""하루 10개 한정인 비버 가죽을 쓰고 있으면 [[스태프]]들이 '헤이! 비버!!' 하며 인사해주었고 ​ 돌아다니고 있는 스태프를 만나 간단한 게임을 이기면 음료수를 얻을 수 있었습니다."", ""title"": ""카투바의 밀렵꾼, 버닝비버 2022 후기"", ""link"": ""https://blog.naver.com/katuba/222961062194""}]",운영인력
2022,네트워킹,10,비버잼,비버잼,2,"[{""context"": ""이후 [[비버잼]] 소개 영상과 게임의 프로토타입 버전을 전시하는 Ver 0.0.1의 소개 연사가 진행 되었습니다."", ""title"": ""더겜소년의 버닝비버 후기 1일차"", ""link"": ""https://blog.naver.com/dlckdals5050/222962839195""}, {""context"": ""이번 버닝비버를 위해서 많은 도움을 주신 비버 스태프 분들, [[비버잼]]을 기획하시고, 열심히 업무 데스크에서 일하셨던 퓨처랩 직원 분들, "", ""title"": ""더겜소년의 버닝비버 후기 3일차 完 (+스토브 인디 어워즈)"", ""link"": ""https://blog.naver.com/dlckdals5050/222963211791""}]",워크숍/게임잼
2022,이벤트,11,Ver.0.01|Ver.0.0.1|Ver0.01|Ver0.0.1,Ver.0.01,2,"[{""context"": ""이후 비버잼 소개 영상과 게임의 프로토타입 버전을 전시하는 [[Ver 0.0.1]]의 소개 연사가 진행 되었습니다."", ""title"": ""더겜소년의 버닝비버 후기 1일차"", ""link"": ""https://blog.naver.com/dlckdals5050/222962839195""}, {""context"": ""행사가 시작하기 전 아침 '[[ver.0.0.1]] 기획 전시'를 보고 카투바의 옛 버전이 생각났습니다."", ""title"": ""카투바의 밀렵꾼, 버닝비버 2022 후기"", ""link"": ""https://blog.naver.com/katuba/222961062194""}]",전시/특별관
2022,장소/공간,14,온라인 전시관,온라인 전시관,1,"[{""context"": ""151가지의 출품작들을 체험해 볼 수 있는 [[온라인 전시관]] 저의 후기는 여기까지 입니다."", ""title"": ""인디게임 행사 GOAT, 버닝비버 후기"", ""link"": ""https://blog.naver.com/neopgame/223735112498""}]",플랫폼(온라인)
2022,이벤트,15,경품 뽑기|뽑기|가챠,경품 뽑기,7,"[{""context"": ""그리고 중간중간에 스트리머 팬사인회라든지 스토브 인디 부스에서 [[뽑기]] 이벤트 등 여러 가지 작은 이벤트들이 있어서 소소하게 즐기 거리가 있던 것도 좋았던 것 같아요!"", ""title"": ""2022 버닝비버 전시회 참여 후기"", ""link"": ""https://blog.naver.com/99jjuni/222961852080""}, {""context"": ""스토브 인디 부스에서는 [[뽑기]]를 돌려서 추첨으로 상품을 주는 이벤트를 진행하고 있었는데 저는 전부 5등으로 뽑았습니다."", ""title"": ""더겜소년의 버닝비버 후기 1일차"", ""link"": ""https://blog.naver.com/dlckdals5050/222962839195""}, {""context"": ""사전예약을 하면 [[뽑기]]를 할 수 있었는데 3일 내내 그래픽카드가 안나왔다는..."", ""title"": ""더겜소년의 버닝비버 후기 3일차 完 (+스토브 인디 어워즈)"", ""link"": ""https://blog.naver.com/dlckdals5050/222963211791""}, {""context"": ""\""버닝비버 2022\"" 는 자력으로 댐을 만드는 비버 같은 열정을 가진 개발자 들을 만나는 곳으로 1층부터 지하 2층까지 총 80여개 부스 외에 박람회 내 컨텐츠로 버닝비버 굿즈샵, 비버[[뽑기]], 비버네컷 등이 준비되어 있다 ​ 방문하기 전만 해도 지스타, 플포랑 비교하면 정말 빈약할거라 생각했는데... ​ 막상 와보니 인디게임에 관심있다면 오히려 버닝비버가 훨씬 낫지 않나 ? 라는 생각이 들 정도로 잘되어 있었다!"", ""title"": ""버닝비버 2022 인디게임 페스티벌! 골든티켓 당첨 & 관람 후기"", ""link"": ""https://blog.naver.com/kastia0075/222958494030""}, {""context"": ""◈ 기대 이상으로 알찼던 인디 게임 행사 GOAT 게임 체험을 하며 모은 토큰으로 [[경품 뽑기]]를 하는 모습 소소한 굿즈와 쿠폰까지 든든하게 확실히 든든한 스폰서가 있으니까 다르다는 걸 느낄 수 있었던 행사였습니다."", ""title"": ""인디게임 행사 GOAT, 버닝비버 후기"", ""link"": ""https://blog.naver.com/neopgame/223735112498""}]",현장 이벤트
2023,장소/공간,16,DDP|동대문디자인플라자|동대문 디자인 플라자,DDP,10,"[{""context"": ""아쉬웠던 점은, 수용 인원이 많은 거에 비해 할 수 자리가 적어서 20분 이상 대기하지 않으면 못했으며 , 인파로 혼잡해서 저 같은 파워 I들은 기가 너무 빨려서 힘들었고, 마지막으로 [[DDP]] 주차장 지원이 안된다는 게 슬펐습니다."", ""title"": ""2023 버닝비버 인디게임 페스티벌 방문한 후기"", ""link"": ""https://blog.naver.com/bee_sky/223284150993""}, {""context"": ""올해 버닝비버는 서울 [[DDP]] 아트홀에서 열렸는데요, 작년보다 아주 넓어진 스케일에 아주 놀랐답니다,,"", ""title"": ""<가짜 하트> 2023 버닝비버 Burning Beaver 참가 후기"", ""link"": ""https://blog.naver.com/blanbee/223288590112""}, {""context"": ""환불하고 거의 공짜로 입장할 수 있었습니다 야호 ​ ​ ​ [[DDP]] 지하 2층 모모야에서 돈까스 먹어주고 출발!"", ""title"": ""[서울/전시] 인디게임을 실컷 즐길 수 있는 < 버닝비버 > 전시 후기"", ""link"": ""https://blog.naver.com/during58/223283944114""}, {""context"": ""버닝비버 가는 길 버닝비버 2023은 [[동대문디자인플라자]](DDP) ART HALL1 에서 12월 1~3일 진행되었습니다!"", ""title"": ""초대권으로 버닝비버 2023에 다녀온 후기 ! (1)"", ""link"": ""https://blog.naver.com/hyanggies/223296954835""}, {""context"": ""작년엔 성수였나 강남쪽 동네였는데 올해는 [[동대문디자인플라자]] ddp 에서 열렸다"", ""title"": ""버닝비버 2023 인디게임&컬처 페스티벌 후기"", ""link"": ""https://blog.naver.com/iammulgogi/223283268495""}]",공간/배치
2023,장소/공간,17,버닝시티,버닝시티,1,"[{""context"": ""이정표에 적혀있는 것처럼 비버월드에는 공간이 3가지로 나누어져 있는데요, 이벤트가 진행되는 비버 광장 , 게임 부스들이 있는 비버빌리지, [[버닝시티]] 로 구성되어 있습니다!"", ""title"": ""초대권으로 버닝비버 2023에 다녀온 후기 ! (1)"", ""link"": ""https://blog.naver.com/hyanggies/223296954835""}]",공간/배치
2023,장소/공간,18,비버 광장|비버광장,비버 광장,1,"[{""context"": ""이정표에 적혀있는 것처럼 비버월드에는 공간이 3가지로 나누어져 있는데요, 이벤트가 진행되는 [[비버 광장]] , 게임 부스들이 있는 비버빌리지, 버닝시티 로 구성되어 있습니다!"", ""title"": ""초대권으로 버닝비버 2023에 다녀온 후기 ! (1)"", ""link"": ""https://blog.naver.com/hyanggies/223296954835""}]",공간/배치
2023,장소/공간,19,비버 빌리지|비버빌리지,비버 빌리지,1,"[{""context"": ""이정표에 적혀있는 것처럼 비버월드에는 공간이 3가지로 나누어져 있는데요, 이벤트가 진행되는 비버 광장 , 게임 부스들이 있는 [[비버빌리지]], 버닝시티 로 구성되어 있습니다!"", ""title"": ""초대권으로 버닝비버 2023에 다녀온 후기 ! (1)"", ""link"": ""https://blog.naver.com/hyanggies/223296954835""}]",공간/배치
2023,굿즈/리워드,20,가이드북,가이드북,3,"[{""context"": ""(그래도 아쉽)) ​ ​ ​ 초대권을 내고 받은 입장 팔찌, [[가이드북]], 스토브 인디게임 쿠폰!"", ""title"": ""초대권으로 버닝비버 2023에 다녀온 후기 ! (1)"", ""link"": ""https://blog.naver.com/hyanggies/223296954835""}, {""context"": ""[[가이드북]]을 통해 온라인으로 비버월드 모험가 길드에 가입을 할 수 있습니다."", ""title"": ""스마일게이트 버닝비버 2023 인디게임&컬쳐페스티벌 방문 후기"", ""link"": ""https://blog.naver.com/jhk7318/223281677657""}, {""context"": ""입구에서 급하게 들어오느라 그런지 몰라도 비버월드 [[가이드북]]이란 게 있는데 처음엔 몰랐다가 골드를 어디서 버냐고 관계 직원분에게 여쭤봐서 알았습니다."", ""title"": ""[ 버닝비버 2023] 초등학생... 인디 게임 페스티벌 참여 후기 공유"", ""link"": ""https://blog.naver.com/zealot16/223281222025""}]",굿즈/리워드
2023,굿즈/리워드,22,아이템샵|아이템 샵,아이템샵,6,"[{""context"": ""골드를 모아 퇴장하기전 [[아이템 샵]]에서 모은 골드로 원하는 템을 구매해서 퇴장하면된다."", ""title"": ""2023 인디게임 페스티벌 버닝비버 후기"", ""link"": ""https://blog.naver.com/duck2283/223281109174""}, {""context"": ""[[아이템샵]] 너무 슬프니까 아이템샵 이라도 둘러봐요."", ""title"": ""[서울/전시] 인디게임을 실컷 즐길 수 있는 < 버닝비버 > 전시 후기"", ""link"": ""https://blog.naver.com/during58/223283944114""}, {""context"": ""버닝비버 2023 전체 공간 (출처 : 버닝비버 2023 공식 홈페이지) ​ 1. 세계관 전시 2. 기획전시 VER.0.0.1 3. 비버월드 4. 미션&리워드&[[아이템샵]] ​ 어떤 공간인지 하나씩 알아보기 위해서 버닝비버로 직접 가볼까요?"", ""title"": ""초대권으로 버닝비버 2023에 다녀온 후기 ! (1)"", ""link"": ""https://blog.naver.com/hyanggies/223296954835""}, {""context"": ""우선 비버 초상화한번 리워드 받고(5천골드)~ 그다음엔 [[아이템샵]]에가서 굿즈를 구매하려 했으나 원하는 굿즈는 품절쓰.."", ""title"": ""2023 버닝비버 (Burning Beaver... 참가 후기 . 이색데이트..."", ""link"": ""https://blog.naver.com/moong_mj/223282924375""}, {""context"": ""저는 오늘의 버닝 운세 (가챠샵)에서 2번 쓰고, 남은 골드로 [[아이템샵]](굿즈샵)에서 엽서와 스티커를 샀습니다."", ""title"": ""DDP 인디게임 페스티벌 ‘ 버닝비버 2023’ 후기 ..."", ""link"": ""https://blog.naver.com/salt-water/223281458051""}]",굿즈/리워드
2023,연사/인플루언서,23,남도형,남도형,5,"[{""context"": ""바로바로 [[남도형]] 성우 가 행사에 오시기 때문입니다!"", ""title"": ""[서울/전시] 인디게임을 실컷 즐길 수 있는 < 버닝비버 > 전시 후기"", ""link"": ""https://blog.naver.com/during58/223283944114""}, {""context"": ""13시에는 [[남도형]] 성우님이 오셨다!"", ""title"": ""버닝비버 2023 인디게임&컬처 페스티벌 후기"", ""link"": ""https://blog.naver.com/iammulgogi/223283268495""}, {""context"": ""그리고 13시에 진행 된 더빙의 신 톸콕쇼 [[남도형]] 성우님도 영접했습니다."", ""title"": ""스마일게이트 버닝비버 2023 인디게임&컬쳐페스티벌 방문 후기"", ""link"": ""https://blog.naver.com/jhk7318/223281677657""}, {""context"": "" ​[인플루언서 스테이지 프로그램] [[남도형]] 성우 톸톸쇼&사인회 성우 남도형 이력 미키 마우스, 가디언즈 오브 갤럭시 '라쿤', 스파이더맨, 로스트아크 '진저웨일' , 메이플스토리 '호영', 리그 오브 레전드 '제이스', '라칸' 등 매우 다양한 연기 소화해낸 인물입니다! 유튜브 <남도형의 블루클럽> 운영 중 "", ""title"": ""버닝비버 2023 정보(예매, 행사 내용) 및 2022 방문기!"", ""link"": ""https://blog.naver.com/mignoncre/223256307910""}, {""context"": ""이번에는 이벤트 공간이 북적북적해서 가보니 ​ ​ [[남도형]] 성우가 오셔서 많은 팬들이 몰려 있었습니다."", ""title"": ""2023 대한민국 인디게임의 오늘을 보자 버닝비버 3일차 방문기"", ""link"": ""https://blog.naver.com/scv9246126/223281969845""}]",연사/인플루언서
2023,연사/인플루언서,24,몬스터,몬스터,9,"[{""context"": ""중간중간 나오는 [[몬스터]]들 너무 귀엽고 위협적이야 ​ ​ 그렇게 입장한지 1시간 30분째..."", ""title"": ""[전시회] 버닝비버 2023 전시 후기 : 인디게임 천국 재밌게..."", ""link"": ""https://blog.naver.com/badaboomblog/223283314213""}, {""context"": ""그게 [[몬스터]]의 공격을 회피했을 때만 소모되는 것같아요."", ""title"": ""[서울/전시] 인디게임을 실컷 즐길 수 있는 < 버닝비버 > 전시 후기"", ""link"": ""https://blog.naver.com/during58/223283944114""}, {""context"": ""( Ctrl+F 기능을 통해 원하시는 게임을 그의 마을에 들이닥칠 [[몬스터]]들을 미리 해치운다 는 스토리를 가지고 있습니다."", ""title"": ""[전시] 2023 버닝비버 , '온라인 전시관' 게임 후기 !"", ""link"": ""https://blog.naver.com/during58/223306119265""}, {""context"": ""컬러?를 활용해 [[몬스터]]를 무찌르는 건데 이게 내가 조준하는 게 아니라 자동으로 나를 향해 조준되다 보니 원하는대로 맞추는 게 어려웠다"", ""title"": ""버닝비버 2023 인디게임&컬처 페스티벌 후기"", ""link"": ""https://blog.naver.com/iammulgogi/223283268495""}, {""context"": ""스마일게이트에서 주관하기에 스마일게이트 부스도 있고, [[몬스터]] 에너지도 무료로 줘서 갈증도 해소가 되었습니다."", ""title"": ""스마일게이트 버닝비버 2023 인디게임&컬쳐페스티벌 방문 후기"", ""link"": ""https://blog.naver.com/jhk7318/223281677657""}]",연사/인플루언서
2023,연사/인플루언서,25,여까,여까,2,"[{""context"": ""비버 광장에서는 13시에 [[여까]]님과 진행하는 행사를 알려주고 있었습니다!"", ""title"": ""초대권으로 버닝비버 2023에 다녀온 후기 ! (1)"", ""link"": ""https://blog.naver.com/hyanggies/223296954835""}, {""context"": ""버닝비버 메인 스테이지 메인 스테이지에서는 스트리머 '[[여까]]'님께서 저희 게임을 대왕키보드 로 유저 분들과 플레이 하는 이벤트가 있었습니다 !"", ""title"": ""학생게임개발팀의 조금 늦은 DDP 2023 버닝비버 전시 후기 !"", ""link"": ""https://blog.naver.com/igegegaeim/223308490971""}]",연사/인플루언서
2023,운영인력,27,확성기,확성기,2,"[{""context"": ""비버월드 [[확성기]] 는 자신이 보내는 메세지가 메세지 타임에 이벤트 화면에서 자막으로 뜹니다! (5번까지 골드 지급)"", ""title"": ""초대권으로 버닝비버 2023에 다녀온 후기 ! (1)"", ""link"": ""https://blog.naver.com/hyanggies/223296954835""}, {""context"": ""아래에 ‘[[확성기]]’와 ‘응원하기’를 하면 각 1000골드씩 5번까지 받을 수 있습니다."", ""title"": ""DDP 인디게임 페스티벌 ‘ 버닝비버 2023’ 후기 ..."", ""link"": ""https://blog.naver.com/salt-water/223281458051""}]",운영/장치
2023,운영인력,28,스태프|직원|알바,스태프,11,"[{""context"": ""이런 행사 같은 건 처음 가서, 많이 혼란스러웠는데 모든 [[직원]]분들이 주황색으로 메인 캐릭터 버닝비버 옷을 입고 있어서 멀리서 보기에 한눈에 알아볼 수 있어서, 안내받기 너무 수월했습니다."", ""title"": ""2023 버닝비버 인디게임 페스티벌 방문한 후기"", ""link"": ""https://blog.naver.com/bee_sky/223284150993""}, {""context"": ""[[스태프]]님의 안내로 초청권을 티켓으로 교환하고 출발!"", ""title"": ""[서울/전시] 인디게임을 실컷 즐길 수 있는 < 버닝비버 > 전시 후기"", ""link"": ""https://blog.naver.com/during58/223283944114""}, {""context"": ""(그때는 내가 [[직원]]으로 함께하길..☆)"", ""title"": ""초대권으로 버닝비버 2023에 다녀온 후기 ! (2)"", ""link"": ""https://blog.naver.com/hyanggies/223306042179""}, {""context"": ""tmi ​ ​ ​ 입장 따라란 들어가면 비버옷을 입은 [[스태프]]분들이 반겨주신다"", ""title"": ""버닝비버 2023 인디게임&컬처 페스티벌 후기"", ""link"": ""https://blog.naver.com/iammulgogi/223283268495""}, {""context"": ""[[직원]]분들이 엄청 귀여운 모자들을 쓰고 안내를 해주셨는데 모자ㅎㅎㅎ 정말 한번만 써보고 싶었습니다."", ""title"": ""2023 버닝비버 ' 비버 월드' 후기"", ""link"": ""https://blog.naver.com/jane5103/223281657665""}]",운영인력
2023,이벤트,29,Ver.0.01|Ver.0.0.1|Ver0.01|Ver0.0.1,Ver.0.01,1,"[{""context"": ""버닝비버 2023 전체 공간 (출처 : 버닝비버 2023 공식 홈페이지) ​ 1. 세계관 전시 2. 기획전시 [[VER.0.0.1]] 3. 비버월드 4. 미션&리워드&아이템샵 ​ 어떤 공간인지 하나씩 알아보기 위해서 버닝비버로 직접 가볼까요?"", ""title"": ""초대권으로 버닝비버 2023에 다녀온 후기 ! (1)"", ""link"": ""https://blog.naver.com/hyanggies/223296954835""}]",전시/특별관
2023,이벤트,30,비버월드,비버월드,6,"[{""context"": ""쩜삔뚜 [[비버월드]] ​ ​ 우선 들어가기전에 이런 팸플렛을 받는데 꼼꼼히 읽어보시길 추천드려요"", ""title"": ""[전시회] 버닝비버 2023 전시 후기 : 인디게임 천국 재밌게..."", ""link"": ""https://blog.naver.com/badaboomblog/223283314213""}, {""context"": ""사진 출처 : 버닝비버 공식 홈페이지 [[비버월드]] 부스 배치도를 보시면 전시장 규모는 꽤 컸습니다."", ""title"": ""2023 버닝비버 인디게임 페스티벌 방문한 후기"", ""link"": ""https://blog.naver.com/bee_sky/223284150993""}, {""context"": ""이 친구의 포즈를 따라해보는건 어떨까 싶슴ㅎ ​ ​ ​ 초대된 모험가 들이여, [[비버월드]]를 지켜라!"", ""title"": ""[서울/전시] 인디게임을 실컷 즐길 수 있는 < 버닝비버 > 전시 후기"", ""link"": ""https://blog.naver.com/during58/223283944114""}, {""context"": ""버닝비버 2023 전체 공간 (출처 : 버닝비버 2023 공식 홈페이지) ​ 1. 세계관 전시 2. 기획전시 VER.0.0.1 3. [[비버월드]] 4. 미션&리워드&아이템샵 ​ 어떤 공간인지 하나씩 알아보기 위해서 버닝비버로 직접 가볼까요?"", ""title"": ""초대권으로 버닝비버 2023에 다녀온 후기 ! (1)"", ""link"": ""https://blog.naver.com/hyanggies/223296954835""}, {""context"": ""가이드북을 통해 온라인으로 [[비버월드]] 모험가 길드에 가입을 할 수 있습니다."", ""title"": ""스마일게이트 버닝비버 2023 인디게임&컬쳐페스티벌 방문 후기"", ""link"": ""https://blog.naver.com/jhk7318/223281677657""}]",전시/특별관
2023,이벤트,32,네컷|네컷사진|인생네컷,네컷,9,"[{""context"": ""[[인생네컷]]에서도 코인 이용가능!"", ""title"": ""[전시회] 버닝비버 2023 전시 후기 : 인디게임 천국 재밌게..."", ""link"": ""https://blog.naver.com/badaboomblog/223283314213""}, {""context"": ""이렇게 전시장에서 얻은 무료 코인으로는 [[네컷]]사진 , 캐리커쳐 , 가챠 , 굿즈샵 을 즐길수있죠! 게임 한판 할때마다 1,000코인이고 대부분 5,000코인밖에 소모하지않아 충분히 다 즐길 수 있습니다. ​ *네컷은 인당 5,000코인입니다. ​ ​"", ""title"": ""[서울/전시] 인디게임을 실컷 즐길 수 있는 < 버닝비버 > 전시 후기"", ""link"": ""https://blog.naver.com/during58/223283944114""}, {""context"": ""비버[[네컷]] 기념 사진 비버네컷 기념 사진은 네컷부스에서 찍는 사진인데, 5000골드를 내고 찍을 수 있습니다!"", ""title"": ""초대권으로 버닝비버 2023에 다녀온 후기 ! (1)"", ""link"": ""https://blog.naver.com/hyanggies/223296954835""}, {""context"": ""이렇게 모은 코인은 [[인생네컷]] 촬영, 경품뽑기 등등 원하는 컨텐츠에 사용할 수 있음!"", ""title"": ""버닝비버 2023 인디게임&컬처 페스티벌 후기"", ""link"": ""https://blog.naver.com/iammulgogi/223283268495""}, {""context"": ""게임을 어느정도 체험을 하다보면 핸드폰으로 포인트가 충전되는데 그 포인트를 모으면 행사장 내에서 기념품으로 교환을 하거나 [[인생네컷]] 혹은 캐릭커쳐 그림을 받을 수 있습니다!"", ""title"": ""2023 버닝비버 ' 비버 월드' 후기"", ""link"": ""https://blog.naver.com/jane5103/223281657665""}]",포토/체험
2023,이벤트,33,비버운세,비버운세,2,"[{""context"": ""[[비버운세]]&상품뽑기 2번 뽑았는데, 둘 다 음료수가 나왔는데, 다 오렌지 맛이더라구요?"", ""title"": ""초대권으로 버닝비버 2023에 다녀온 후기 ! (1)"", ""link"": ""https://blog.naver.com/hyanggies/223296954835""}, {""context"": ""[[비버운세]]를 포함한 굿즈샵 운영이나 초상화는 줄이 길게 서있을 정도로 상당히 호황이었습니다."", ""title"": ""버닝비버 2023 인디게임 행사 부스&어워즈 체험 후기 (3일차)"", ""link"": ""https://blog.naver.com/leeon715/223282658519""}]",프로그램/이벤트
2023,이벤트,34,소문내기,소문내기,1,"[{""context"": ""비버월드 [[소문내기]] 는 비버월드에 왔다는 것을 SNS에 업로드하고 인증하면 받을 수 있어요!"", ""title"": ""초대권으로 버닝비버 2023에 다녀온 후기 ! (1)"", ""link"": ""https://blog.naver.com/hyanggies/223296954835""}]",프로그램/이벤트
2023,이벤트,26,케인,케인,4,"[{""context"": ""그리고 [[케인]]님과 진행하는 행사도 있었는데요, 이때는 비버 초상화를 기다리면서 바로 옆에서 보았습니다!"", ""title"": ""초대권으로 버닝비버 2023에 다녀온 후기 ! (1)"", ""link"": ""https://blog.naver.com/hyanggies/223296954835""}, {""context"": "" [[케인]]&김나성 유튜브 운영 및 트위치 스트리머 각각 <케인tv>, <김나성> 채널 운영 중 ​"", ""title"": ""버닝비버 2023 정보(예매, 행사 내용) 및 2022 방문기!"", ""link"": ""https://blog.naver.com/mignoncre/223256307910""}, {""context"": ""마지막 으로 요일마다다르게인 플루 언서분들 의지원 사격도있 었는데,토요일갔 을때는 [[케인]]님!"", ""title"": ""스마일게이트 버닝비버 2023 인디게임 페스티벌 방문 후기 !..."", ""link"": ""https://blog.naver.com/seungoxox/223290693709""}, {""context"": ""자음을 치는 타자 버그 소탕작전과 유튜버 [[케인]]님의 게임 리뷰도 있었는데 저는 잘 몰라서 가만히 구경만 했습니다."", ""title"": ""[ 버닝비버 2023] 초등학생... 인디 게임 페스티벌 참여 후기 공유"", ""link"": ""https://blog.naver.com/zealot16/223281222025""}]",현장 이벤트
2023,이벤트,35,초상화|캐리커쳐|캐리커처,초상화,9,"[{""context"": ""버닝비버 페스티벌은 비버 골드라는 재화로 이벤트를 개최하고 있었는데, 데모 플레이, 무대 이벤트 참여, 응원 메시지 작성, SNS 태그 같은 활동을 하게 되면 받을 수 있으며, 해당 코인으로는 버닝비버 및 로스트아크 굿즈, 기념사진, [[캐리커처]] 초상화, 운세, 상품 뽑기, 인생 네 컷 같은 콘텐츠에 사용할 수 있었습니다."", ""title"": ""2023 버닝비버 인디게임 페스티벌 방문한 후기"", ""link"": ""https://blog.naver.com/bee_sky/223284150993""}, {""context"": ""키링이랑 [[캐리커쳐]] 초상화 갖고싶었는데 둘째날에 키링은 재고"", ""title"": ""버닝비버 2023 후기"", ""link"": ""https://blog.naver.com/dldydgus1995/223288759383""}, {""context"": ""비버월드의 모험가 비버월드 전시장에서 1)게임을 플레이 , 2)SNS이벤트 참여 등등을 하면 모험버프(코인) 을 받아 리워드를 교환할수있어요! ​ 이렇게 전시장에서 얻은 무료 코인으로는 네컷사진 , [[캐리커쳐]] , 가챠 , 굿즈샵 을 즐길수있죠!   "", ""title"": ""[서울/전시] 인디게임을 실컷 즐길 수 있는 < 버닝비버 > 전시 후기"", ""link"": ""https://blog.naver.com/during58/223283944114""}, {""context"": ""그리고 케인님과 진행하는 행사도 있었는데요, 이때는 비버 [[초상화]]를 기다리면서 바로 옆에서 보았습니다!"", ""title"": ""초대권으로 버닝비버 2023에 다녀온 후기 ! (1)"", ""link"": ""https://blog.naver.com/hyanggies/223296954835""}, {""context"": ""사진은 없지만 젤 먼저 [[초상화]]부터 그렸다ㅋㅋ"", ""title"": ""버닝비버 2023 인디게임&컬처 페스티벌 후기"", ""link"": ""https://blog.naver.com/iammulgogi/223283268495""}]",현장 이벤트
2024,게임/IP,36,로스트아크|로아,로스트아크,3,"[{""context"": ""옆에 수북하게 쌓여있던 [[로스트아크]] 굿즈 하나 정도는 당첨되지 않을까?"", ""title"": ""버닝비버 2024 후기 로스트아크 굿즈도 잔뜩!"", ""link"": ""https://blog.naver.com/doek11/223680208709""}, {""context"": ""이렇게 입장팔찌 와 [[로스트아크]] 쿠폰 , 그리고 리플렛 을 받을 수 있었는데 ​ 로스트 아크는 최근에는 안하고 있어 하고 있는 친구에게 선물😅 ​ 나중에 물어보니 캐릭터 강화 재료 가 있었다고 ​ ​ ​ ​ "", ""title"": ""좋아한다면 주목! 인디게임&컬쳐 페스티벌 2024 버닝비버 후기"", ""link"": ""https://blog.naver.com/eazy_hops/223709598739""}, {""context"": ""[[로스트아크]] 굿즈가 탐났는데 저는 웰치스 제로(꽝)가 당첨됐습니다."", ""title"": ""든든하게 먹은 버닝비버 2024 행사 후기"", ""link"": ""https://blog.naver.com/neopgame/223735120710""}]",게임/IP
2024,장소/공간,37,DDP|동대문디지털플라자|동대문디자인플라자|동대문 디자인 플라자,DDP,7,"[{""context"": ""2024 버닝비버 ✔️ 주소 : 서울 중구 [[DDP]] 아트홀 1관 ✔️ 일정 : 11/29~12/1 ​ ​ ​ ​ ​ ​ 쨔잔 2024 인디게임의 성지 버닝비버 입장문이에요 ~!"", ""title"": ""2024 인디게임의 성지 ‘ 버닝비버 ’ 내돈내산 후기 , 꿀팁, 굿즈"", ""link"": ""https://blog.naver.com/bborongrongg/223677904979""}, {""context"": ""[[DDP]] 인디게임 맛집 버닝비버 가는 길 ​ ​ ​ ​ 어딘가 익숙한 저 모습 버닝비버 행사를 위해 동대문에 들렀다가 ​ 동대문 크레페 할아버지도 방문하게되어 최근 포스팅을 올렸었다"", ""title"": ""좋아한다면 주목! 인디게임&컬쳐 페스티벌 2024 버닝비버 후기"", ""link"": ""https://blog.naver.com/eazy_hops/223709598739""}, {""context"": ""[[ddp]]역 1번 출구로 나와 쭉 직진하면 됨"", ""title"": ""버닝비버 2024 인디게임 페스티벌 후기"", ""link"": ""https://blog.naver.com/iammulgogi/223687904686""}, {""context"": ""버닝비버 #버닝비버2024 #서울 #인디게임 #스토브인디 #1번출구 #동대문역사문화공원역 #[[동대문디자인플라자]] #갈바테인 #서큐하트 #로라라라 #이클립스 #소울러즈 #킬더위치 #killthewitch #11월30일"", ""title"": ""버닝비버 2024 11월 30일 참가 후기"", ""link"": ""https://blog.naver.com/jdh8803/223679012507""}, {""context"": ""이 블로그의 체크인 이 장소의 다른 글 동대문역사문화공원을 갈 일은 있었으나 (빕스 가느라) [[DDP]]를 가보는 건 처음이에요."", ""title"": ""[일상] 버닝비버 2024 게임쇼를 다녀오다"", ""link"": ""https://blog.naver.com/lrebao/223678400309""}]",공간/배치
2024,굿즈/리워드,38,스푼,스푼,9,"[{""context"": ""우선 [[스푼]]!을 모아야 해요!"", ""title"": ""2024 인디게임의 성지 ‘ 버닝비버 ’ 내돈내산 후기 , 꿀팁, 굿즈"", ""link"": ""https://blog.naver.com/bborongrongg/223677904979""}, {""context"": ""현장 시스템과 [[스푼]] 적립 이번 행사에서는 스마트폰으로 웹페이지를 열어 행사 정보와 지도, 그리고 스푼이라는 포인트를 적립 할 수 있었습니다."", ""title"": ""버닝비버 2024 후기 로스트아크 굿즈도 잔뜩!"", ""link"": ""https://blog.naver.com/doek11/223680208709""}, {""context"": ""행사를 즐길 수 있었는데 ​ 행사에 참여한 다양한 참여 게임, 제작사 들을 종류별로 볼 수도 있고 행사장 지도, 이벤트, 콘텐츠 시간표 , 그리고 [[스푼]] 확인 이 가능했다"", ""title"": ""좋아한다면 주목! 인디게임&컬쳐 페스티벌 2024 버닝비버 후기"", ""link"": ""https://blog.naver.com/eazy_hops/223709598739""}, {""context"": ""얼마 전에 큰 히트를 친 흑백요리사처럼 인디게임 맛집 이라는 컨셉이라서 그런지 비슐랭가이드로 [[스푼]]을 적립하더라구요"", ""title"": ""[Hope Creator 5기] 버닝비버 2024 후기"", ""link"": ""https://blog.naver.com/hyanggies/223687563947""}, {""context"": ""사전예매하면 좀 더 싸서 미리 예매함 예매했더라도 현장에서 팔찌로 교환해야한다 안내 리플렛이랑 팔찌 받고 입장 고고 ​ 버닝비버는 모바일 스탬프를 사용한다 게임 체험, 리뷰, 무대행사참여 등 미션을 통해 [[스푼]]을 모을 수 있고 모은 스푼은 리워드존에서 리워드로 교환하면 된다"", ""title"": ""버닝비버 2024 인디게임 페스티벌 후기"", ""link"": ""https://blog.naver.com/iammulgogi/223687904686""}]",굿즈/리워드
2024,연사/인플루언서,40,남도형,남도형,1,"[{""context"": ""토요일 오후 1시부터는 [[남도형]] 성우의 라이브 쇼가 진행되었다."", ""title"": ""[ 버닝비버 2024] 대망의 참가 후기 ! ft.남도형 성우..."", ""link"": ""https://blog.naver.com/merry_christmas_eve/223678401670""}]",연사/인플루언서
2024,연사/인플루언서,42,휘용,휘용,4,"[{""context"": ""마인크래프트로 유명한 유튜버 [[휘용]]님의 특별 무대 도 있었습니다."", ""title"": ""버닝비버 2024 후기 로스트아크 굿즈도 잔뜩!"", ""link"": ""https://blog.naver.com/doek11/223680208709""}, {""context"": ""[[휘용]] 님께서 방문!"", ""title"": ""좋아한다면 주목! 인디게임&컬쳐 페스티벌 2024 버닝비버 후기"", ""link"": ""https://blog.naver.com/eazy_hops/223709598739""}, {""context"": ""[[휘용]]님이시군요"", ""title"": ""버닝비버 2024 인디게임 페스티벌 후기"", ""link"": ""https://blog.naver.com/iammulgogi/223687904686""}, {""context"": ""마인크래프트로 유명한 유튜버 [[휘용]]님의 특별 무대 도 있었습니다."", ""title"": ""든든하게 먹은 버닝비버 2024 행사 후기"", ""link"": ""https://blog.naver.com/neopgame/223735120710""}]",연사/인플루언서
2024,운영인력,43,스태프|직원|알바,스태프,2,"[{""context"": ""[[스태프]]분들은 비버 옷을 입고 계셨는데, 정말 귀엽고 친절하셨습니다!"", ""title"": ""[Artive Sound] 2023 버닝비버 일반 관람 다녀온 이야기"", ""link"": ""https://blog.naver.com/jung_kim__/223452228700""}, {""context"": ""버닝비버 첫 회때는 [[직원]]들이 서로 흥겨워서 막 춤도 추고 그랬는디 ㅎㅎㅎㅎ"", ""title"": ""[일상] 버닝비버 2024 게임쇼를 다녀오다"", ""link"": ""https://blog.naver.com/lrebao/223678400309""}]",운영인력
2024,이벤트,44,게임 밖의 게임|게임밖의게임,게임 밖의 게임,1,"[{""context"": ""기획전시 [[게임 밖의 게임]] 인디게임 플레이존을 나오면 기획전시로 이어지는 또 다른 공간이 나옵니다"", ""title"": ""[Hope Creator 5기] 버닝비버 2024 후기"", ""link"": ""https://blog.naver.com/hyanggies/223687563947""}]",전시/특별관
2024,장소/공간,45,리워드 존|리워드존,리워드 존,7,"[{""context"": ""스푼은 출구 쪽에 있는 [[리워드 존]] 에서 사용할 수 있었는데요."", ""title"": ""버닝비버 2024 후기 로스트아크 굿즈도 잔뜩!"", ""link"": ""https://blog.naver.com/doek11/223680208709""}, {""context"": ""[[리워드존]] ​ ​ ​ ​ 기획전시 안쪽, 출구 방향으로는 행사를 즐기며 얻을 수 있었던 스푼 으로 리워드를 교환하거나 사용할 수 있는 리워드존 이 마련되어 있었다 ​ ​ ​ ​ ​ 포토부스 ​ ​ ​ 타로 점보기, 뽑기, 리워드 교환 ​ 그리고 기념 사진을 찍을 수 있는 포토부스 역시 스푼으로 촬영 가능!"", ""title"": ""좋아한다면 주목! 인디게임&컬쳐 페스티벌 2024 버닝비버 후기"", ""link"": ""https://blog.naver.com/eazy_hops/223709598739""}, {""context"": ""[[리워드존]] 자 이제 모아놓은 스푼을 써봅시다 (열심히 참여해서 많은 모은 스푼) ​ 제일 앞에 보이는 포토부스에 갔습니다"", ""title"": ""[Hope Creator 5기] 버닝비버 2024 후기"", ""link"": ""https://blog.naver.com/hyanggies/223687563947""}, {""context"": ""사전예매하면 좀 더 싸서 미리 예매함 예매했더라도 현장에서 팔찌로 교환해야한다 안내 리플렛이랑 팔찌 받고 입장 고고 ​ 버닝비버는 모바일 스탬프를 사용한다 게임 체험, 리뷰, 무대행사참여 등 미션을 통해 스푼을 모을 수 있고 모은 스푼은 [[리워드존]]에서 리워드로 교환하면 된다"", ""title"": ""버닝비버 2024 인디게임 페스티벌 후기"", ""link"": ""https://blog.naver.com/iammulgogi/223687904686""}, {""context"": ""[[리워드 존]]에서 게임을 플레이 하며 얻었던 스푼을 굿즈로 바꿨다!"", ""title"": ""[ 버닝비버 2024] 대망의 참가 후기 ! ft.남도형 성우..."", ""link"": ""https://blog.naver.com/merry_christmas_eve/223678401670""}]",존/동선
2024,연사/인플루언서,46,강연|토크,강연,3,"[{""context"": ""또한 송길영 작가님의 특별 [[강연]] 도 있었습니다."", ""title"": ""버닝비버 2024 후기 로스트아크 굿즈도 잔뜩!"", ""link"": ""https://blog.naver.com/doek11/223680208709""}, {""context"": ""버닝비버 에서는 ​ 출시를 앞 둔 다양한 인디게임, [[토크]]쇼, 무대, 이벤트 등 다양하게 만나볼 수 있었다 ​"", ""title"": ""좋아한다면 주목! 인디게임&컬쳐 페스티벌 2024 버닝비버 후기"", ""link"": ""https://blog.naver.com/eazy_hops/223709598739""}, {""context"": ""15시에 하는 [[강연]]도 게임하다가 중간중간 들었습니다"", ""title"": ""[Hope Creator 5기] 버닝비버 2024 후기"", ""link"": ""https://blog.naver.com/hyanggies/223687563947""}]",토크/강연
2024,파트너쉽,41,몬스터,몬스터,7,"[{""context"": "" 인프런과 [[몬스터]] ​ ​ ​ ​ 강의를 듣던 인프런 과 에너지 드링크 몬스터 부스도 있었다 ​ ​ ​ ​ "", ""title"": ""좋아한다면 주목! 인디게임&컬쳐 페스티벌 2024 버닝비버 후기"", ""link"": ""https://blog.naver.com/eazy_hops/223709598739""}, {""context"": ""플레이어는 용사의 생존과 동시에 성자를 지키며 [[몬스터]]들을 막아내야 해요."", ""title"": ""버닝비버 2024 참관 후기 국밥같은 든든한 재미를 가진 장르..."", ""link"": ""https://blog.naver.com/eeuu1133/223679754222""}, {""context"": ""[[몬스터]] 부스에서 무료로 주시길래 받았습니다"", ""title"": ""[Hope Creator 5기] 버닝비버 2024 후기"", ""link"": ""https://blog.naver.com/hyanggies/223687563947""}, {""context"": ""여튼 [[몬스터]]같은애들이 나를 공격해서 피하면서 쏴야된다 총 종류가 엄청 많아서 취향따라 고르면 됨"", ""title"": ""버닝비버 2024 인디게임 페스티벌 후기"", ""link"": ""https://blog.naver.com/iammulgogi/223687904686""}, {""context"": ""[[몬스터]] 음료. ㄷㄷㄷㄷㄷ"", ""title"": ""[일상] 버닝비버 2024 게임쇼를 다녀오다"", ""link"": ""https://blog.naver.com/lrebao/223678400309""}]",파트너/기관
2024,파트너쉽,48,인프런,인프런,1,"[{""context"": ""이게 너무나도 탐난 토낌은 안타깝게도 뽑기는 실패했지만 나는야 직장인 아쉬울 수 없어 구매했다 😆 ​ ​ ​ ​ [[인프런]]과 몬스터 ​ ​ ​ ​ 강의를 듣던 인프런 과 에너지 드링크 몬스터 부스도 있었다 ​ ​ ​ ​ ​ 무대와 버닝비버 무대 프로그램 ​ ​ ​ ​ 그리고 행사장 가운데에는 무대 가 있었는데 마침 방문한 날에는 인플루언서"", ""title"": ""좋아한다면 주목! 인디게임&컬쳐 페스티벌 2024 버닝비버 후기"", ""link"": ""https://blog.naver.com/eazy_hops/223709598739""}]",파트너/기관
2024,파트너쉽,49,플리더스,플리더스,1,"[{""context"": ""머지 앤 블레이드 ⚔️ [[플리더스]] 미션을 위해 토끼와 핑구가 참전한 게임 게임 제목이 걍 게임 내용임"", ""title"": ""버닝비버 2024 인디게임 페스티벌 후기"", ""link"": ""https://blog.naver.com/iammulgogi/223687904686""}]",파트너/기관
2024,운영인력,50,푸드트럭|푸드 트럭,푸드트럭,3,"[{""context"": ""정말 재밌게 행사에 참여할 수 있던 시스템중 하나였다 ​ ​ ​ ​ ​ [[푸드트럭]]들이 가득한 축제현장 같은 버닝비버 ​"", ""title"": ""좋아한다면 주목! 인디게임&컬쳐 페스티벌 2024 버닝비버 후기"", ""link"": ""https://blog.naver.com/eazy_hops/223709598739""}, {""context"": ""버닝비버 인스타 팔로우를 하고 주황색 풍선을 받고, 버닝비버 [[푸드트럭]] 앞에서 사진을 찍고 SNS에 업로드하고 스푼을 받았습니다"", ""title"": ""[Hope Creator 5기] 버닝비버 2024 후기"", ""link"": ""https://blog.naver.com/hyanggies/223687563947""}, {""context"": ""[[푸드트럭]] 같은 건 없는 듯해서 근처 DDP 마켓(푸드코트 같은)에 가서 요기를 했습니다."", ""title"": ""든든하게 먹은 버닝비버 2024 행사 후기"", ""link"": ""https://blog.naver.com/neopgame/223735120710""}]",편의/푸드
2024,이벤트,51,포토부스|포토 부스|네컷,포토부스,3,"[{""context"": ""리워드존 ​ ​ ​ ​ 기획전시 안쪽, 출구 방향으로는 행사를 즐기며 얻을 수 있었던 스푼 으로 리워드를 교환하거나 사용할 수 있는 리워드존 이 마련되어 있었다 ​ ​ ​ ​ ​ [[포토부스]] ​ ​ ​ 타로 점보기, 뽑기, 리워드 교환 ​ 그리고 기념 사진을 찍을 수 있는 포토부스 역시 스푼으로 촬영 가능!"", ""title"": ""좋아한다면 주목! 인디게임&컬쳐 페스티벌 2024 버닝비버 후기"", ""link"": ""https://blog.naver.com/eazy_hops/223709598739""}, {""context"": ""리워드존 자 이제 모아놓은 스푼을 써봅시다 (열심히 참여해서 많은 모은 스푼) ​ 제일 앞에 보이는 [[포토부스]]에 갔습니다"", ""title"": ""[Hope Creator 5기] 버닝비버 2024 후기"", ""link"": ""https://blog.naver.com/hyanggies/223687563947""}, {""context"": ""엉엉 리워드는 일찍일찍 교환해야한다는 교훈을 얻었다죠 ​ [[포토부스]] 영수증사진기였다 꾸밀 수 있는 펜이랑 스티커도 준비되어 있었음"", ""title"": ""버닝비버 2024 인디게임 페스티벌 후기"", ""link"": ""https://blog.naver.com/iammulgogi/223687904686""}]",포토/체험
2024,이벤트,52,비슐랭 가이드|비슐랭,비슐랭 가이드,2,"[{""context"": ""얼마 전에 큰 히트를 친 흑백요리사처럼 인디게임 맛집 이라는 컨셉이라서 그런지 [[비슐랭]]가이드로 스푼을 적립하더라구요"", ""title"": ""[Hope Creator 5기] 버닝비버 2024 후기"", ""link"": ""https://blog.naver.com/hyanggies/223687563947""}, {""context"": ""저기서 다양한 전시물을 구경하고 [[비슐랭 가이드]] 보상을 받는 곳이었던 모양이니 아이고 아까워라… 했는데, 저기를 못 본 게 아쉽기는 해도 전체적인 행사 구성은 마음에 들었으니 내년 버닝비버 2025에도 방문할 의사가 있습니다."", ""title"": ""버닝비버 2024 후기 - 스토브 인디, 스팀게임으로 모두가 즐길..."", ""link"": ""https://blog.naver.com/whithmag/223678077620""}]",프로그램/이벤트
2024,이벤트,53,타로|타로점|타로부스,타로,5,"[{""context"": ""포토카드를 만들거나 [[타로]]점을 보는 등 다양한 활동을 할 수 있었고, 굿즈를 사거나 럭키 드로우 경품 에 응모할"", ""title"": ""버닝비버 2024 후기 로스트아크 굿즈도 잔뜩!"", ""link"": ""https://blog.naver.com/doek11/223680208709""}, {""context"": ""이걸로 기념품, 굿즈, [[타로]] 등 에 준비된 리워드 이벤트에 사용 할 수 있었으니!"", ""title"": ""좋아한다면 주목! 인디게임&컬쳐 페스티벌 2024 버닝비버 후기"", ""link"": ""https://blog.naver.com/eazy_hops/223709598739""}, {""context"": ""그리고 비버 [[타로]]도 봤습니다"", ""title"": ""[Hope Creator 5기] 버닝비버 2024 후기"", ""link"": ""https://blog.naver.com/hyanggies/223687563947""}, {""context"": ""리워드로 교환할 수 있는 건 럭드, [[타로]], 포토존, 굿즈 구매였음 리워드로 할 수 있는 게 다양한 점도 재밌었다 ​ 럭드와 굿즈존 마감 시간 즈음이라 줄이 좀 있었다 ​ 스티커 겟 핑구는 모코코 키링을 뽑음!!!!!!"", ""title"": ""버닝비버 2024 인디게임 페스티벌 후기"", ""link"": ""https://blog.naver.com/iammulgogi/223687904686""}, {""context"": ""포토 카드를 만들 수도 있고, [[타로]]점을 봐주기도 하고, 굿즈를 사거나 럭키 드로우 경품에 응모할 수도 있었죠."", ""title"": ""든든하게 먹은 버닝비버 2024 행사 후기"", ""link"": ""https://blog.naver.com/neopgame/223735120710""}]",프로그램/이벤트
2025,게임/IP,54,산나비,산나비,9,"[{""context"": ""(인디게임 창작자 특별 강연도 진행한다구 하네용) ​ 또 그 옆에는 [[산나비]] 외전 특별부스까지,, 알차다 못해 나 오늘안에 여기서 나갈 수 있능 걸까요🤤💦"", ""title"": ""[ 비버롹스 2025] 인디게임 페스티벌 후기"", ""link"": ""https://blog.naver.com/dlalsrud44/224101263404""}, {""context"": ""사실 인디게임 부스만 80개가 넘어가다보니 모든 게임을 소개하기엔 힘들지만 [[산나비]]를 시작으로 풍비박산, 전국 퇴마사협회, 루나락시아, 오컬트디렉티브, 사람속에 피어나는 꽃, 모듈버서커, 메이드서바이벌, 수상한편의점 등등 정말 매력적인 게임이 많았습니다."", ""title"": ""스마일게이트 비버 롹스2025( 버닝비버 ) 행사 후기 , 인디게임..."", ""link"": ""https://blog.naver.com/jhk7318/224102077942""}, {""context"": ""[[산나비]] 외전 기념으로 부스가 엄청 크게 있어서 아크릴 판 굿즈 사고 싶었는데 품절이라 스티커 사고 쇼핑백이라도 받았습니다 ... ㅜ"", ""title"": ""DDP 인디게임 페스티벌 다녀왔다! 2025 비버 롹스 후기"", ""link"": ""https://blog.naver.com/mnzxnm-/224101472160""}, {""context"": ""[[산나비]] 였습니다."", ""title"": ""비버 롹스 버닝비버 2025 후기 , 산나비 굿즈 폭발적 인기"", ""link"": ""https://blog.naver.com/neopgame/224103297008""}, {""context"": ""내 앞에 사람들 다 [[산나비]] 줄서는 사람들.. 하...ㄹㅇ"", ""title"": ""비버롹스 & 케데헌 팝업 후기"", ""link"": ""https://blog.naver.com/rangpa5/224109627693""}]",게임/IP
2025,장소/공간,55,DDP|동대문디지털플라자|동대문디자인플라자|동대문 디자인 플라자,DDP,7,"[{""context"": ""서울 [[동대문디자인플라자]](DDP) 아트홀 1관&컨퍼런스 홀 입장하자마자 나를 반겨주는 귀여운 비버들 +_+ What’s up!"", ""title"": ""[ 비버롹스 2025] 인디게임 페스티벌 후기"", ""link"": ""https://blog.naver.com/dlalsrud44/224101263404""}, {""context"": ""올해도 [[DDP]] 동대문 프라자 A1에서 진행했습니다."", ""title"": ""DDP 인디게임 페스티벌 다녀왔다! 2025 비버 롹스 후기"", ""link"": ""https://blog.naver.com/mnzxnm-/224101472160""}, {""context"": ""[[동대문디자인플라자]](DDP) 아트홀 에서 열렸습니다."", ""title"": ""비버 롹스 버닝비버 2025 후기 , 산나비 굿즈 폭발적 인기"", ""link"": ""https://blog.naver.com/neopgame/224103297008""}, {""context"": ""아무리 물가 저세상이래도 넘 기름값 비싸서 휘둥그레짐 [[동대문디자인플라자]] 서울특별시 중구 을지로 281 이 블로그의 체크인 이 장소의 다른 글 비버롹스 도착함 사실 더 일찍 올 수 있었는데 멀리 돌아서 왔더라구요.."", ""title"": ""비버롹스 & 케데헌 팝업 후기"", ""link"": ""https://blog.naver.com/rangpa5/224109627693""}, {""context"": ""저녁시간에 동대문 [[DDP]] 아트홀 1관을 벗어나니 하늘이 까맣게 뒤덮여 있었습니다."", ""title"": ""BEAVER ROCKS 비버 롹스 2025 행사 12월 6일 후기"", ""link"": ""https://blog.naver.com/tmdwn944/224101650962""}]",공간/배치
2025,굿즈/리워드,56,B토큰|토큰,B토큰,5,"[{""context"": ""여기서는 이 게임을 젤 집중해서 한둣🐯🐅💨 ​ 퀘스트북에 적힌 퀘스트들을 이행하면 비버[[토큰]]을 줘서, 나중에 상품으로 교환할 수 있거등요?!"", ""title"": ""[ 비버롹스 2025] 인디게임 페스티벌 후기"", ""link"": ""https://blog.naver.com/dlalsrud44/224101263404""}, {""context"": ""리워드를 받기 위해서는 [[B토큰]]이 필요 합니다."", ""title"": ""비버 롹스 버닝비버 2025 후기 , 산나비 굿즈 폭발적 인기"", ""link"": ""https://blog.naver.com/neopgame/224103297008""}, {""context"": ""각 부스마다 인디 게임을 즐기시면 가이드 & 퀘스트 북에 B [[토큰]] 교환소에 있는 직원의 도장을 받을 수 있습니다."", ""title"": ""BEAVER ROCKS 비버 롹스 2025 행사 12월 6일 후기"", ""link"": ""https://blog.naver.com/tmdwn944/224101650962""}, {""context"": ""[[B토큰]]을 효율적으로 획득하겠다면 이렇게 각각 3개씩 플레이해서 스티커를 받는 게 좋지만, 시간이 넉넉하다면 그 이상 플레이하여 뒷장을 채워 더 받는 것도 괜찮습니다."", ""title"": ""비버 롹스( 버닝비버 ) 2025 후기 - 인디게임 플레이를..."", ""link"": ""https://blog.naver.com/whithmag/224100397751""}, {""context"": ""​ 지도를 보며 이동하면서 구역별로 스탬프를 모아 [[B토큰]]을 얻습니다."", ""title"": ""인디게임페스티벌 BEAVER ROCKS 2025 첫날 오픈런 방문 후기"", ""link"": ""https://blog.naver.com/zealot16/224099786806""}]",굿즈/리워드
2025,굿즈/리워드,57,가이드북|퀘스트북,가이드북,6,"[{""context"": ""어떤 부스는 아예 게임 콘셉에 맞게 옛날 컴퓨터 모니터로 부스에서 게임 플레이가 가능하게 꾸며놨던데, 이런 부스 마다의 작은 디테일 등도 보는 것들이 넘나 잼썻슴 (어린이용 [[가이드북]]도 따로 준비된 디테일에 내가(?) 다 감덩) ​ 여러 인디 게임들이 자세히 궁금하다면 홈페이지도 한 번 둘러보는거 추천드려욧"", ""title"": ""[ 비버롹스 2025] 인디게임 페스티벌 후기"", ""link"": ""https://blog.naver.com/dlalsrud44/224101263404""}, {""context"": ""처음 방문할 때 비버롹스 [[가이드북]] 을 주는데, 이 가이드북을 따라 스탬프도 받고 게임도 즐기면 추후 코인으로"", ""title"": ""DDP 인디게임 페스티벌 다녀왔다! 2025 비버 롹스 후기"", ""link"": ""https://blog.naver.com/mnzxnm-/224101472160""}, {""context"": ""행사장에 들어가면 가이드 & [[퀘스트북]] 하나를 받을 수 있는데요."", ""title"": ""비버 롹스 버닝비버 2025 후기 , 산나비 굿즈 폭발적 인기"", ""link"": ""https://blog.naver.com/neopgame/224103297008""}, {""context"": ""그럼 [[가이드북]]을 읽었다는 전제로 비버롹스 2025를 둘러봅시다."", ""title"": ""비버 롹스( 버닝비버 ) 2025 후기 - 인디게임 플레이를..."", ""link"": ""https://blog.naver.com/whithmag/224100397751""}, {""context"": ""비버롹스에 입장하면 입장 팔찌와 함께 가이드 & [[퀘스트북]]을 주는데요, 책자에 있는 미션을 수행하고 코인으로 바꿔 가챠를 돌릴 수 있습니다ㅎㅎ"", ""title"": ""비버롹스 인디게임 페스티벌 다녀왔어요!( 후기 /산나비..."", ""link"": ""https://blog.naver.com/youjoo4924/224100767001""}]",굿즈/리워드
2025,이벤트,58,비버피처드|비버 피쳐드|Beaver Featured,비버피처드,1,"[{""context"": ""최고의 인디 게임 행사의 마지막은 훌륭한 인디게임에게 상을 주는 [[비버피처드]] 입니다."", ""title"": ""비버 롹스 버닝비버 2025 후기 , 산나비 굿즈 폭발적 인기"", ""link"": ""https://blog.naver.com/neopgame/224103297008""}]",시상/행사
2025,연사/인플루언서,59,김성회,김성회,1,"[{""context"": ""16시에는 [[김성회]]의 인디게임 보석함 이 진행되었습니다."", ""title"": ""비버 롹스 버닝비버 2025 후기 , 산나비 굿즈 폭발적 인기"", ""link"": ""https://blog.naver.com/neopgame/224103297008""}]",연사/인플루언서
2025,연사/인플루언서,60,수련수련,수련수련,1,"[{""context"": ""O 아니면 X'에 참여했는데, 놀랍게도 1등을 차지하는 행운을 얻었습니다. ​ OX 퀴즈 마지막 1인이 되었을 때, 아이도 응원하며 같이 환호했고, 그 기억은 오래 남을 것 같습니다. 1등 상품은 B토큰 5개였고, 2등과 3등 각기 4개, 3개가 제공되었습니다. ​ 행사 참여 시 B토큰을 하나 두 개씩 뿌리고, 참여만 해도 B토큰을 3개를 주므로 가능하면 참여해 보는 게 좋겠습니다. ​ 또한 인기 인플루언서 '[[수련수련]]'의 사인회 현장도 직접 보았고, 인디게임 개발자인 유승현 대표의 강연도 들을 수 있었습니다. ​ 강연에서는 게임 개발의 뒷이야기나 창작자로서의 고민, 앞으로의 방향에 대해 현실적이고 솔직한 이야기를 들려주셔서, 저도 아이도 창작과 게임에 대해 새로운 관점을 얻었습니다. ​ 이처럼 BEAVER ROCKS 2025는 단순 관람이 아닌, 참여와 교류의 공간이었습니다. ​ 산나비 구역 & FGT존, 굿즈와 체험 이번 BEAVER ROCKS 2025에서 가장 인기가 많았던 인디게임 '산나비'의 특별 부스였습니다. ​ 행사 오픈 시간 직후 많은 사람들이 게임 체험과 굿즈를 사기 위해 긴 줄을 섰습니다. ​ 산나비 별도 체험존에서는 '산나비 외전: 귀신 씌인 날' 플레이를 해 볼 수 있었습니다. ​ '"", ""title"": ""인디게임페스티벌 BEAVER ROCKS 2025 첫날 오픈런 방문 후기"", ""link"": ""https://blog.naver.com/zealot16/224099786806""}]",연사/인플루언서
2025,연사/인플루언서,62,클템,클템,3,"[{""context"": ""그리고 오후에는 [[클템]]님도 행사장에서 뵐 수 있었습니다."", ""title"": ""스마일게이트 비버 롹스2025( 버닝비버 ) 행사 후기 , 인디게임..."", ""link"": ""https://blog.naver.com/jhk7318/224102077942""}, {""context"": ""저는 케이팝 데몬 헌터스의 조이 역할을 맡으신 김예림 성우 님의 사인회 와 [[클템]]님과 게임 대전 이벤트 가 있었습니다."", ""title"": ""DDP 인디게임 페스티벌 다녀왔다! 2025 비버 롹스 후기"", ""link"": ""https://blog.naver.com/mnzxnm-/224101472160""}, {""context"": ""14시에는 [[클템]]의 쇼미더클템 이 진행되었습니다."", ""title"": ""비버 롹스 버닝비버 2025 후기 , 산나비 굿즈 폭발적 인기"", ""link"": ""https://blog.naver.com/neopgame/224103297008""}]",연사/인플루언서
2025,운영인력,63,NPC|스태프|직원|알바,NPC,6,"[{""context"": ""처음에 좋은 건줄 몰랐다가 [[직원]]분들 반응에 나도 덩달아 방방 뜀 ㅎㅋ ​ 미쳤다 실물 받자마자 소리지름 ​ 너무 고퀄에 귀여운 킹갓텀블러였어!!!"", ""title"": ""[ 비버롹스 2025] 인디게임 페스티벌 후기"", ""link"": ""https://blog.naver.com/dlalsrud44/224101263404""}, {""context"": ""8. 마지막으로 이번 비버롹스 2025 행사에 힘써주신 관계자분들과 [[스태프]]분들, 그리고 열정적으로 게임 전시에 임한 여러 인디 게임"", ""title"": ""비버 롹스 2025(Beaver Rocks 2025) 후기"", ""link"": ""https://blog.naver.com/kitpage/224100451989""}, {""context"": ""한 가지 아쉬운 점은 메뉴를 선택하는 행동이 크게 의미가 없다고 느껴져서 [[NPC]]와 메뉴가 상호작용해 게임에 영향을 준다면 더 좋았을 거라 생각해요."", ""title"": ""BEAVER ROCKS 2025 게임 후기"", ""link"": ""https://blog.naver.com/kms7231931/224109287236""}, {""context"": ""각 부스마다 인디 게임을 즐기시면 가이드 & 퀘스트 북에 B 토큰 교환소에 있는 [[직원]]의 도장을 받을 수 있습니다."", ""title"": ""BEAVER ROCKS 비버 롹스 2025 행사 12월 6일 후기"", ""link"": ""https://blog.naver.com/tmdwn944/224101650962""}, {""context"": ""다만 [[스태프]]조차 예상 대기시간을 알려드리기 어려울 정도라고 했으나, 산나비 외전은 스팀게임으로 무료 플레이가 가능하기도 하고, 이 대기줄은 어디까지나 굿즈스토어 한정 대기줄이라는 점 참고하시면 되겠습니다."", ""title"": ""비버 롹스( 버닝비버 ) 2025 후기 - 인디게임 플레이를..."", ""link"": ""https://blog.naver.com/whithmag/224100397751""}]",운영인력
2025,장소/공간,64,RGB|R존|G존|B존,RGB,6,"[{""context"": ""바로, 빛의 3원색인 [[RGB]]✨ ​ 다양한 색의 창작자들이 모여 무한한 스펙트럼의 세계를 만들어보자는 의미가 담겨있다는데, 현장도 게임 플레이 난이도에 따라 레드 > 그린 > 블루로 꾸며져 있더라구"", ""title"": ""[ 비버롹스 2025] 인디게임 페스티벌 후기"", ""link"": ""https://blog.naver.com/dlalsrud44/224101263404""}, {""context"": ""올해 [[RGB]]란 컨셉을 보고 LED 가방을 챙겨갔더니 현장 이벤트도 당첨되보고, 인터뷰도 해보고 참 신기한 경험을 많이했습니다."", ""title"": ""스마일게이트 비버 롹스2025( 버닝비버 ) 행사 후기 , 인디게임..."", ""link"": ""https://blog.naver.com/jhk7318/224102077942""}, {""context"": ""R(Red Zone) 다양한 장르의 게임을 자주 플레이하거나, 고난이도 게임을 선호하는 유저 G(Green Zone) 몇 개의 인디 타이틀을 클리어해본 유저 B(Blue Zone) 평소에 간단한 게임을 즐기는 유저 올해의 컨셉은 [[RGB]] 인데, 게임 부스도 R, G, B 존 으로 분류해두었습니다."", ""title"": ""비버 롹스 버닝비버 2025 후기 , 산나비 굿즈 폭발적 인기"", ""link"": ""https://blog.naver.com/neopgame/224103297008""}, {""context"": ""비버롹스 테마별로 [[RGB]]로 빛의 삼원색 콘셉트로 ​ R 존은 최상, G 존은 보통, B 존은 쉬움으로 난이도를 구별하여 ​ 자신한테 알맞은 조작감과 다양한 장르별 게임을 참여할 수 있도록 부스 코스를 나누었습니다."", ""title"": ""BEAVER ROCKS 비버 롹스 2025 행사 12월 6일 후기"", ""link"": ""https://blog.naver.com/tmdwn944/224101650962""}, {""context"": ""이번엔 [[RGB]] 컨셉으로 빨간색 LED 부스는 고난이도 게임 15개, 파란색 LED 부스는 라이트한 게임 31개, 녹색 LED 부스는 그 중간 정도의 난이도로 32개 게임이 분류되어있습니다."", ""title"": ""비버 롹스( 버닝비버 ) 2025 후기 - 인디게임 플레이를..."", ""link"": ""https://blog.naver.com/whithmag/224100397751""}]",존/동선
2025,이벤트,65,얼리버드|얼리 버드|조기 예매,얼리버드,1,"[{""context"": ""[[얼리버드]]로 예매해서 만 원에 구매하였습니다ㅎㅎ"", ""title"": ""비버롹스 인디게임 페스티벌 다녀왔어요!( 후기 /산나비..."", ""link"": ""https://blog.naver.com/youjoo4924/224100767001""}]",티켓/혜택
2025,파트너쉽,66,Out of index|Out Of Index|OOI,Out of index,4,"[{""context"": ""갖고싶다 인형,, 최애색이 소라색이라 더 좋아 중요한건 이게 끝이 아님ㅋㅋ큐ㅠ ​ 중간중간 다양한 이벤트도 준비되어있고🎁 ​ 인디게임 존 밖에는 [[Out of Index]]존이랑 ​ 지난 10월에 진행한 스마일게이트 퓨처랩 주관 비버잼에서 제작된 게임들도 네이버 웹툰존에 전시되어 있었음!!!"", ""title"": ""[ 비버롹스 2025] 인디게임 페스티벌 후기"", ""link"": ""https://blog.naver.com/dlalsrud44/224101263404""}, {""context"": ""한편 행사장 출구 쪽으로 나가면 아웃 오브 인덱스([[Out of Index]]) 존이 있는데요."", ""title"": ""비버 롹스 버닝비버 2025 후기 , 산나비 굿즈 폭발적 인기"", ""link"": ""https://blog.naver.com/neopgame/224103297008""}, {""context"": ""네이버 웹툰 \""마음의 소리\""의 조석과 애봉이 ​ ​ ​ ​ 이 외에도 [[Out Of Index]] 존이 있으며 ​ RBG 존과 더 색다른 경험을 해볼 수 있는 실험적이고 차별성 있는 게임이라고 합니다."", ""title"": ""BEAVER ROCKS 비버 롹스 2025 행사 12월 6일 후기"", ""link"": ""https://blog.naver.com/tmdwn944/224101650962""}, {""context"": ""다만 건의하고 싶은 점은 특이하고 신선한 게임들을 모아둔 [[Out Of INDEX]] 코너를 좀 넓혔으면 좋겠다는 느낌..? ​ 이번 행사에 참여하도록 선정된 부스들이 시장에 내놓기 안전한 게임 위주로 선정이 된 것 같아서 아쉬운 부분이 있었어요.."", ""title"": ""비버롹스 인디게임 페스티벌 다녀왔어요!( 후기 /산나비..."", ""link"": ""https://blog.naver.com/youjoo4924/224100767001""}]",파트너/기관
2025,파트너쉽,67,네이버 웹툰|네이버웹툰,네이버 웹툰,7,"[{""context"": ""갖고싶다 인형,, 최애색이 소라색이라 더 좋아 중요한건 이게 끝이 아님ㅋㅋ큐ㅠ ​ 중간중간 다양한 이벤트도 준비되어있고🎁 ​ 인디게임 존 밖에는 Out of Index존이랑 ​ 지난 10월에 진행한 스마일게이트 퓨처랩 주관 비버잼에서 제작된 게임들도 [[네이버 웹툰]]존에 전시되어 있었음!!!"", ""title"": ""[ 비버롹스 2025] 인디게임 페스티벌 후기"", ""link"": ""https://blog.naver.com/dlalsrud44/224101263404""}, {""context"": ""마지막에 [[네이버 웹툰]]존도 구성되어 있어서 이제 다양한 가족 축제가 되었단 느낌도 받았습니다."", ""title"": ""스마일게이트 비버 롹스2025( 버닝비버 ) 행사 후기 , 인디게임..."", ""link"": ""https://blog.naver.com/jhk7318/224102077942""}, {""context"": ""[[네이버 웹툰]] 특별전 Beaver Rocks 이번에는 네이버 웹툰 특별전 도 하고 있었는데, 유명한 웹툰을 배경으로 하는 게임들이 준비되어 있더라고요."", ""title"": ""DDP 인디게임 페스티벌 다녀왔다! 2025 비버 롹스 후기"", ""link"": ""https://blog.naver.com/mnzxnm-/224101472160""}, {""context"": ""한 번 더 밖으로 나가니까 이번에는 [[네이버 웹툰]] 존 이 기다리고 있었습니다."", ""title"": ""비버 롹스 버닝비버 2025 후기 , 산나비 굿즈 폭발적 인기"", ""link"": ""https://blog.naver.com/neopgame/224103297008""}, {""context"": ""S 존은 대기 줄이 너무 많았고, 깜박하고 찍질 않아서 생략(...) ​ ​ ​ ​ \""에드워드의 세잎 클로버\"" 게임 ​ ​ ​ ​ \""호랑이 굴러가 유~\"" 게임 ​ ​ 잠시 쉬어가는 겸, 오후에 진행한 [[네이버 웹툰]] \""소심한 호랭이 코코\"" 로 유명하신 \""키몽 작가님\"" 과 ​ 해당 IP로 게임을 만드신 디렉터님들과 함께 게임을 푸는 무대 행사에 참여를 했습니다."", ""title"": ""BEAVER ROCKS 비버 롹스 2025 행사 12월 6일 후기"", ""link"": ""https://blog.naver.com/tmdwn944/224101650962""}]",파트너/기관
2025,파트너쉽,68,플리더스,플리더스,3,"[{""context"": ""특별상 타이틀명 개발사 [[플리더스]] 아르뷔엔의 겨울 오르투스게임즈 유니티 마스터 오브 피스 아이엠게임 스토브인디 마녀의 정원 팀 타파스 벤큐 잭 더 리퍼 팀 체이싱폭스 레이저 페블 나이츠 피프티원퍼센트 네이버 웹툰 크로노 서울 픽셀리안 경기콘텐츠진흥원 던전 인 캣 소사이어티 ​ 모노웨이브 스튜디오BBB ​ STAND-ALONE 리퓨엘 우선 비버롹스의 스폰서마다 주는 특별상 이 있었으며, 총 9개의 게임이 수상했습니다."", ""title"": ""비버 롹스 버닝비버 2025 후기 , 산나비 굿즈 폭발적 인기"", ""link"": ""https://blog.naver.com/neopgame/224103297008""}, {""context"": ""그리고 인디게임 관련 행사에서는 빠지지 않는 [[플리더스]] 역시 스폰서로 참여했습니다."", ""title"": ""비버 롹스( 버닝비버 ) 2025 후기 - 인디게임 플레이를..."", ""link"": ""https://blog.naver.com/whithmag/224100397751""}, {""context"": ""저는 [[플리더스]] 서포터즈라 FGT 확인 구역에서 티켓을 받았고, 아이는 별도 예매 구역에서 티켓링크에서 온 카톡 QR을 보여주고 입장 줄을 섰다가 10시에 입장을 했습니다."", ""title"": ""인디게임페스티벌 BEAVER ROCKS 2025 첫날 오픈런 방문 후기"", ""link"": ""https://blog.naver.com/zealot16/224099786806""}]",파트너/기관
2025,이벤트,69,FGT,FGT,2,"[{""context"": ""시간 문제로 안에 들어가지는 못했지만, [[FGT]]존에 수십 대의 PC게임 시연장을 조성하고 있으니까요."", ""title"": ""비버 롹스( 버닝비버 ) 2025 후기 - 인디게임 플레이를..."", ""link"": ""https://blog.naver.com/whithmag/224100397751""}, {""context"": ""저는 플리더스 서포터즈라 [[FGT]] 확인 구역에서 티켓을 받았고, 아이는 별도 예매 구역에서 티켓링크에서 온 카톡 QR을 보여주고 입장 줄을 섰다가 10시에 입장을 했습니다."", ""title"": ""인디게임페스티벌 BEAVER ROCKS 2025 첫날 오픈런 방문 후기"", ""link"": ""https://blog.naver.com/zealot16/224099786806""}]",프로그램/이벤트
2025,게임/IP,70,비버롹스|비버록스|BeaverRocks|Beaver Rocks,비버롹스,12,"[{""context"": ""이번 [[비버롹스]]가 넘 콘셉슈얼하고 디테일하게 잘 기획된 현장이란게 느껴져서👍🏻 ​ 후후, 이번 기억때문에 내년에도 방문할 것 같음!!"", ""title"": ""[ 비버롹스 2025] 인디게임 페스티벌 후기"", ""link"": ""https://blog.naver.com/dlalsrud44/224101263404""}, {""context"": ""[[비버롹스]]는 전체적으로 “이미 성공한 프로젝트들의 쇼케이스”라기보다는 “개발의 다음 국면을 준비하는 작품들”이 모인 자리 같았다."", ""title"": ""비버롹스 인디 게임 페스티벌 관람 후기 (GPT 정리 버전)"", ""link"": ""https://blog.naver.com/gyunee87/224099607384""}, {""context"": ""내년이 더 기대되는 [[비버롹스]]!"", ""title"": ""스마일게이트 비버 롹스2025( 버닝비버 ) 행사 후기 , 인디게임..."", ""link"": ""https://blog.naver.com/jhk7318/224102077942""}, {""context"": ""이번 [[비버롹스]] 2025 행사 자체도 굉장히 고무적이었거니와 수많은 개발자분들, 그리고 본인을 알아보고 다가와준 분들 덕분에 정말 많은 힘과 동기부여를 얻었다."", ""title"": ""비버 롹스 2025(Beaver Rocks 2025) 후기"", ""link"": ""https://blog.naver.com/kitpage/224100451989""}, {""context"": ""-풍비박산 풍비박산_[[비버롹스]] | STOVE 스토어 음식!"", ""title"": ""BEAVER ROCKS 2025 게임 후기"", ""link"": ""https://blog.naver.com/kms7231931/224109287236""}]",행사명/브랜딩
2025,이벤트,71,가챠|뽑기|경품 뽑기,가챠,8,"[{""context"": ""근데 그 외에도 그냥 추첨 [[뽑기]] 상품이랑 아까 말한 다양한 이벤트들도 넘 많아서 이런거 환장하는 나는 넘 행복했따"", ""title"": ""[ 비버롹스 2025] 인디게임 페스티벌 후기"", ""link"": ""https://blog.naver.com/dlalsrud44/224101263404""}, {""context"": ""굿즈와 경품이 가득 Beaver Rocks 비버롹스 스탬프를 모으면 코인으로 교환 을 해주고 나가는 길에 [[뽑기]]를 할 수 있었어요."", ""title"": ""DDP 인디게임 페스티벌 다녀왔다! 2025 비버 롹스 후기"", ""link"": ""https://blog.naver.com/mnzxnm-/224101472160""}, {""context"": ""B토큰 1개, 4개, 8개, 12개 단위로 진행할 수 있는 [[뽑기]]가 있었습니다."", ""title"": ""비버 롹스 버닝비버 2025 후기 , 산나비 굿즈 폭발적 인기"", ""link"": ""https://blog.naver.com/neopgame/224103297008""}, {""context"": ""코인으로 [[뽑기]]를 할 수 있는데 마우스패드를 뽑고 성수로 넘어갑니다."", ""title"": ""비버롹스 & 케데헌 팝업 후기"", ""link"": ""https://blog.naver.com/rangpa5/224109627693""}, {""context"": ""직원분께 B 토큰을 드리면 인형 [[뽑기]]로 상품 목록 중 1개 집을 수 있는 기회를 가지게 됩니다."", ""title"": ""BEAVER ROCKS 비버 롹스 2025 행사 12월 6일 후기"", ""link"": ""https://blog.naver.com/tmdwn944/224101650962""}]",현장 이벤트
2025,이벤트,72,캐리커쳐|캐리커처|초상화|빗빛,캐리커쳐,5,"[
  {
    ""context"": ""존 나르센 키우기 사전예약을 하면 내 얼굴로 픽셀 아트 [[캐리커처]]를 그려주시더라고요."",
    ""title"": ""비버 롹스 버닝비버 2025 후기 , 산나비 굿즈 폭발적 인기"",
    ""link"": ""https://blog.naver.com/neopgame/224103297008""
  },
  {
    ""context"": ""itsbitbits [[빗빛]] 작가님이라고 픽셀아트 하는 분이 계신가봄 실시간으로 그려주시는거 따로 모니터가 마련되어 있었음"",
    ""title"": ""비버롹스 & 케데헌 팝업 후기"",
    ""link"": ""https://blog.naver.com/rangpa5/224109627693""
  },
  {
    ""context"": ""오후 2시에 네이버 웹툰 존 입구 쪽에 \""[[빗빛]]\"" 님의 도트 그래픽 캐리커처 행사가 있었습니다."",
    ""title"": ""BEAVER ROCKS 비버 롹스 2025 행사 12월 6일 후기"",
    ""link"": ""https://blog.naver.com/tmdwn944/224101650962""
  },
  {
    ""context"": ""특이하게도 여기서는 B토큰이 제공되는 게 아니라 [[캐리커처]]를 보상으로 획득할 수 있습니다."",
    ""title"": ""비버 롹스( 버닝비버 ) 2025 후기 - 인디게임 플레이를..."",
    ""link"": ""https://blog.naver.com/whithmag/224100397751""
  },
  {
    ""context"": ""네이버웹툰존에서는 '픽셀 아티스트 [[빗빛]] 얼굴도트 침공 체험'이 눈길이 갑니다."",
    ""title"": ""인디게임페스티벌 BEAVER ROCKS 2025 첫날 오픈런 방문 후기"",
    ""link"": ""https://blog.naver.com/zealot16/224099786806""
  }
]",현장 이벤트
